{"loss": [6.6645426750183105, 4.082103252410889, 4.046224594116211, 4.01641845703125, 3.984398603439331, 3.7218916416168213, 3.2330589294433594, 2.4683749675750732, 1.8561497926712036, 1.565826177597046, 1.361828088760376, 1.2322912216186523, 1.147735595703125, 1.0854511260986328, 1.0283244848251343, 0.9911189079284668, 0.9547449946403503, 0.9247754812240601, 0.9085369110107422, 0.8909436464309692, 0.8712840676307678, 0.8566375374794006, 0.8407911062240601, 0.8284489512443542, 0.8149791359901428, 0.8022380471229553, 0.7955154180526733, 0.7918563485145569, 0.7742395401000977, 0.7748181819915771, 0.7634949684143066, 0.7591891288757324, 0.7549719214439392, 0.7466508150100708, 0.7402387857437134, 0.7329455614089966, 0.7331841588020325, 0.7275643348693848, 0.7217333912849426, 0.7175514698028564, 0.7101228833198547, 0.7063549160957336, 0.7069527506828308, 0.7003615498542786, 0.6971964240074158, 0.6918757557868958], "accuracy": [0.02070668712258339, 0.022315096110105515, 0.021998479962348938, 0.020200101658701897, 0.020808003842830658, 0.034561801701784134, 0.06431104242801666, 0.1610182374715805, 0.30039259791374207, 0.39673250913619995, 0.46983280777931213, 0.5275835990905762, 0.5655521750450134, 0.5954154133796692, 0.62288498878479, 0.6410587430000305, 0.6585739254951477, 0.6704660654067993, 0.6811929941177368, 0.6881839036941528, 0.696415901184082, 0.7031154632568359, 0.710524320602417, 0.7177938222885132, 0.7217198610305786, 0.7268869876861572, 0.7311676740646362, 0.732396125793457, 0.740210235118866, 0.7403115630149841, 0.7444528937339783, 0.7446935176849365, 0.7481889128684998, 0.7485182285308838, 0.7536094188690186, 0.7545719146728516, 0.7555724382400513, 0.7572948336601257, 0.7584472894668579, 0.7600303888320923, 0.7631332278251648, 0.7632218599319458, 0.7664006948471069, 0.7667933106422424, 0.7676291465759277, 0.7697188258171082], "val_loss": [4.132419586181641, 4.070785999298096, 4.032217979431152, 3.9928627014160156, 3.9426984786987305, 3.668459415435791, 3.0178966522216797, 2.271573781967163, 1.874739408493042, 1.5911457538604736, 1.4737343788146973, 1.285792589187622, 1.202069640159607, 1.1483491659164429, 1.0905767679214478, 1.0632132291793823, 1.0210273265838623, 0.9723449945449829, 0.9970942735671997, 0.9720280170440674, 0.9459086060523987, 0.9383344054222107, 0.9436937570571899, 0.8978397846221924, 0.9062642455101013, 0.8999732136726379, 0.902470052242279, 0.8866016864776611, 0.888931930065155, 0.8843374848365784, 0.8468614816665649, 0.9242581725120544, 0.9019922018051147, 0.9006608724594116, 0.900039553642273, 0.8946751356124878, 0.9471040368080139, 0.9167166948318481, 0.9109155535697937, 0.9198532700538635, 0.9297749400138855, 0.9537537693977356, 0.9388992190361023, 0.9795413017272949, 0.9213140606880188, 0.9976170063018799], "val_accuracy": [0.021453900262713432, 0.021010637283325195, 0.019547872245311737, 0.019547872245311737, 0.022828012704849243, 0.04073581472039223, 0.09946808218955994, 0.22185282409191132, 0.3265514075756073, 0.40545210242271423, 0.4680407643318176, 0.532579779624939, 0.5645833015441895, 0.5858156085014343, 0.613874077796936, 0.6253989338874817, 0.6468971371650696, 0.6631648540496826, 0.6641843914985657, 0.6669769287109375, 0.6808510422706604, 0.6873670220375061, 0.6902039051055908, 0.7067818641662598, 0.7004432678222656, 0.7079343795776367, 0.7120566964149475, 0.705008864402771, 0.7143616676330566, 0.703679084777832, 0.7236258387565613, 0.7044769525527954, 0.708776593208313, 0.7070478796958923, 0.7098404169082642, 0.7140070796012878, 0.7073581218719482, 0.703767716884613, 0.708953857421875, 0.7070035338401794, 0.7054077982902527, 0.6984042525291443, 0.7041223049163818, 0.6878989338874817, 0.7131648659706116, 0.6941932439804077]}