{"loss": [6.948999404907227, 3.1775121688842773, 2.515638589859009, 2.2423014640808105, 2.103895902633667, 2.0064897537231445, 1.8042244911193848, 1.4637242555618286, 1.238063097000122, 1.0798481702804565, 0.9646394848823547, 0.889275848865509, 0.8315826058387756, 0.7944727540016174, 0.7652891278266907, 0.7327130436897278, 0.7206114530563354, 0.7006831765174866, 0.685630738735199, 0.6703775525093079, 0.6585842370986938, 0.6464681029319763, 0.6324297189712524, 0.6290737390518188, 0.6195511221885681, 0.6115466356277466, 0.6085153222084045, 0.5977269411087036, 0.5900415182113647, 0.5878095030784607, 0.578512966632843, 0.57772296667099, 0.5713290572166443, 0.5645147562026978, 0.5621169209480286, 0.5579877495765686, 0.5557457804679871, 0.5464441776275635, 0.5431915521621704, 0.5432904362678528, 0.5388343334197998, 0.5307942032814026, 0.5301867723464966, 0.5302743315696716, 0.5231478214263916, 0.5214763283729553, 0.5190401077270508, 0.5135893821716309, 0.5163177251815796, 0.5134328603744507, 0.5029313564300537, 0.5055058002471924, 0.5035200119018555, 0.501086413860321, 0.49649497866630554, 0.49686452746391296, 0.4935113489627838, 0.4903106689453125, 0.4885837137699127], "accuracy": [0.10216666758060455, 0.11626190692186356, 0.1283571422100067, 0.17514285445213318, 0.1910238116979599, 0.20964285731315613, 0.2707619071006775, 0.3949523866176605, 0.4999285638332367, 0.5819523930549622, 0.6337857246398926, 0.6710952520370483, 0.696238100528717, 0.7129285931587219, 0.7266666293144226, 0.7386190295219421, 0.7439761757850647, 0.7563333511352539, 0.7619524002075195, 0.7684047818183899, 0.7732856869697571, 0.7790713906288147, 0.7846190333366394, 0.7819047570228577, 0.788261890411377, 0.791785717010498, 0.791857123374939, 0.7962142825126648, 0.8009999990463257, 0.7989999651908875, 0.8069285750389099, 0.8033571243286133, 0.8043094873428345, 0.8119047284126282, 0.8113095164299011, 0.8109285831451416, 0.8100237846374512, 0.8164523839950562, 0.8168809413909912, 0.8157857060432434, 0.8192856907844543, 0.8188095092773438, 0.8210476040840149, 0.8207619190216064, 0.8223333358764648, 0.8195475935935974, 0.8259523510932922, 0.8256904482841492, 0.8234999775886536, 0.8228095173835754, 0.8307619094848633, 0.8286428451538086, 0.8296190500259399, 0.8280952572822571, 0.8297380805015564, 0.8299999833106995, 0.8325714468955994, 0.8329285383224487, 0.8320475816726685], "val_loss": [5.845740795135498, 2.6885485649108887, 2.5124874114990234, 2.260899782180786, 2.0988543033599854, 2.0044593811035156, 1.787376880645752, 1.4262869358062744, 1.2057050466537476, 1.0304310321807861, 0.9583225846290588, 0.9135950207710266, 0.8530689477920532, 0.8274253010749817, 0.793106198310852, 0.7543869018554688, 0.7678927183151245, 0.7587222456932068, 0.7330832481384277, 0.7079180479049683, 0.7086787819862366, 0.6617635488510132, 0.7175588011741638, 0.7108263969421387, 0.6685581207275391, 0.6686176061630249, 0.6691305041313171, 0.6672351956367493, 0.6563931703567505, 0.6509358882904053, 0.6382991075515747, 0.6773539781570435, 0.6867280006408691, 0.6507262587547302, 0.6623265147209167, 0.6674933433532715, 0.6587216854095459, 0.6393128037452698, 0.6408126950263977, 0.6529884338378906, 0.6569343209266663, 0.6425945162773132, 0.6509350538253784, 0.6157260537147522, 0.6800201535224915, 0.6242204904556274, 0.6407766342163086, 0.6846861243247986, 0.6490536332130432, 0.6839768290519714, 0.6476508975028992, 0.6528241634368896, 0.6612814664840698, 0.682808518409729, 0.6478041410446167, 0.6581497192382812, 0.6446129679679871, 0.6563746929168701, 0.6584598422050476], "val_accuracy": [0.10091666877269745, 0.12033332884311676, 0.1600833386182785, 0.18183332681655884, 0.203166663646698, 0.22224999964237213, 0.3023333251476288, 0.41874998807907104, 0.5199999809265137, 0.606166660785675, 0.6419166326522827, 0.6673333048820496, 0.6947500109672546, 0.7010833024978638, 0.7127500176429749, 0.7304166555404663, 0.7250833511352539, 0.734250009059906, 0.7449166774749756, 0.7522500157356262, 0.7567499876022339, 0.7748333215713501, 0.7512499690055847, 0.765500009059906, 0.7761666774749756, 0.784250020980835, 0.778416633605957, 0.7731666564941406, 0.784583330154419, 0.7778333425521851, 0.7824166417121887, 0.7669166326522827, 0.7700833082199097, 0.7838333249092102, 0.7735833525657654, 0.7744166851043701, 0.7745000123977661, 0.7899166345596313, 0.7871666550636292, 0.7831666469573975, 0.7719166874885559, 0.7789166569709778, 0.7869166731834412, 0.7881666421890259, 0.7670000195503235, 0.793916642665863, 0.784333348274231, 0.7821666598320007, 0.7839999794960022, 0.7669166326522827, 0.7866666316986084, 0.7778333425521851, 0.7848333120346069, 0.7705000042915344, 0.7796666622161865, 0.7763333320617676, 0.7930833101272583, 0.7777500152587891, 0.7879166603088379]}