{"loss": [6.3130717277526855, 2.792083978652954, 2.5977981090545654, 2.5729997158050537, 2.3818798065185547, 2.189279556274414, 2.0101566314697266, 1.5906931161880493, 1.274566888809204, 0.9685060977935791, 0.7994570136070251, 0.7160472273826599, 0.662749707698822, 0.6158198118209839, 0.58591628074646, 0.5550183653831482, 0.5308725833892822, 0.5121396780014038, 0.49477893114089966, 0.49042946100234985, 0.47664424777030945, 0.4632951021194458, 0.45722272992134094, 0.4473471939563751, 0.4418078064918518, 0.4397631287574768, 0.4358619153499603, 0.42529061436653137, 0.41870248317718506, 0.4167460501194, 0.4112010598182678, 0.40726229548454285, 0.4030015766620636, 0.39949512481689453, 0.39655518531799316, 0.391074001789093, 0.38758715987205505, 0.3847242295742035, 0.38344910740852356, 0.37807345390319824, 0.3755517899990082, 0.3717781603336334, 0.3698218762874603, 0.3663625121116638, 0.3622177839279175, 0.3618106544017792, 0.3565498888492584, 0.354068785905838, 0.3517289459705353, 0.35045793652534485, 0.3467881679534912, 0.34350624680519104, 0.34234005212783813, 0.3399670422077179, 0.338474839925766], "accuracy": [0.0998571515083313, 0.10095918923616409, 0.0993061289191246, 0.1016530692577362, 0.1345510333776474, 0.16857144236564636, 0.20704083144664764, 0.3533877730369568, 0.4861224889755249, 0.64444899559021, 0.7354081869125366, 0.7790612578392029, 0.8034694194793701, 0.8280000686645508, 0.8438979983329773, 0.8543673753738403, 0.8685102462768555, 0.8750000596046448, 0.8821837306022644, 0.8855918645858765, 0.8913469910621643, 0.8949388265609741, 0.8976327180862427, 0.9018775820732117, 0.9032653570175171, 0.9054898619651794, 0.9038980007171631, 0.9074082374572754, 0.9114694595336914, 0.9114694595336914, 0.9137755632400513, 0.9157143235206604, 0.914591908454895, 0.9153061509132385, 0.9176735281944275, 0.9173877835273743, 0.9186123013496399, 0.9207143187522888, 0.9204081892967224, 0.9220408797264099, 0.9215510487556458, 0.9242653846740723, 0.9219183921813965, 0.925244927406311, 0.9253674149513245, 0.9261837005615234, 0.9264898300170898, 0.9276735186576843, 0.9282041192054749, 0.9281020760536194, 0.9309592247009277, 0.9314490556716919, 0.9291225075721741, 0.9306327104568481, 0.9304898381233215], "val_loss": [3.7080209255218506, 2.6057960987091064, 2.570366859436035, 2.565246820449829, 2.2368276119232178, 2.1494662761688232, 1.7748355865478516, 1.4457151889801025, 1.1221851110458374, 0.8959169983863831, 0.780803382396698, 0.7067416310310364, 0.6815308928489685, 0.6351364850997925, 0.6012982130050659, 0.5805939435958862, 0.5704431533813477, 0.5478647351264954, 0.5459104776382446, 0.5336260199546814, 0.5408552289009094, 0.5346113443374634, 0.5259881615638733, 0.5250582098960876, 0.5002120733261108, 0.5176466107368469, 0.5079859495162964, 0.4939815104007721, 0.5196753144264221, 0.5216821432113647, 0.4940450191497803, 0.504650354385376, 0.4851425290107727, 0.5175575613975525, 0.49619171023368835, 0.500640869140625, 0.4977315366268158, 0.5185351371765137, 0.5011770129203796, 0.48246368765830994, 0.4922674596309662, 0.5173271298408508, 0.5163486003875732, 0.49712613224983215, 0.4948769211769104, 0.5347768068313599, 0.5415346026420593, 0.5304116010665894, 0.5286485552787781, 0.5106974840164185, 0.5249159336090088, 0.5621966123580933, 0.5934329032897949, 0.5497022271156311, 0.5873951315879822], "val_accuracy": [0.11157142370939255, 0.09921428561210632, 0.10135713964700699, 0.10235714167356491, 0.17178571224212646, 0.17635713517665863, 0.2912142872810364, 0.4097857177257538, 0.5630000233650208, 0.6907142996788025, 0.7600713968276978, 0.7858571410179138, 0.7960714101791382, 0.8219999670982361, 0.8372142910957336, 0.8493571281433105, 0.8590714335441589, 0.862500011920929, 0.8678571581840515, 0.8772857189178467, 0.8757857084274292, 0.8690000176429749, 0.8721428513526917, 0.8764285445213318, 0.8843571543693542, 0.8755714297294617, 0.8804285526275635, 0.8859999775886536, 0.8752142786979675, 0.8800714015960693, 0.8880714178085327, 0.8799999952316284, 0.8859999775886536, 0.8794285655021667, 0.8795714378356934, 0.8842142820358276, 0.8809285759925842, 0.8787142634391785, 0.8814285397529602, 0.8841428756713867, 0.8882142901420593, 0.8759285807609558, 0.8770714402198792, 0.8834999799728394, 0.882357120513916, 0.869857132434845, 0.8712142705917358, 0.8727856874465942, 0.8737857341766357, 0.880142867565155, 0.8719285726547241, 0.8601428270339966, 0.8568571209907532, 0.8693571090698242, 0.8595713973045349]}