{"loss": [6.855290412902832, 3.1240711212158203, 2.651240825653076, 2.619478940963745, 2.5173799991607666, 2.2260241508483887, 2.0634777545928955, 1.5425889492034912, 0.8629440069198608, 0.6008549928665161, 0.5089718699455261, 0.4609329104423523, 0.42198821902275085, 0.3918954133987427, 0.37503182888031006, 0.35363179445266724, 0.34150540828704834, 0.3347318768501282, 0.3278028666973114, 0.32093390822410583, 0.3104475438594818, 0.302192747592926, 0.29865825176239014, 0.29431143403053284, 0.2856234610080719, 0.2791321575641632, 0.27791833877563477, 0.2680476903915405, 0.2680700421333313, 0.26644617319107056, 0.25924813747406006, 0.2574039399623871, 0.2536912262439728, 0.2512698173522949, 0.24581362307071686, 0.24360418319702148, 0.24250991642475128, 0.24108830094337463, 0.23622456192970276, 0.23022550344467163, 0.2282647043466568], "accuracy": [0.1040123775601387, 0.10463149845600128, 0.10098820924758911, 0.10072626918554306, 0.1206810250878334, 0.17737825214862823, 0.2086200714111328, 0.382545530796051, 0.6916061043739319, 0.8350279331207275, 0.8846290707588196, 0.9031313061714172, 0.9179187417030334, 0.929110586643219, 0.9345159530639648, 0.9414691925048828, 0.9443028569221497, 0.9441837668418884, 0.9461601972579956, 0.9486843347549438, 0.9509465098381042, 0.9515656232833862, 0.9519704580307007, 0.9513275027275085, 0.955637514591217, 0.9586140513420105, 0.9569948315620422, 0.9581140279769897, 0.959114134311676, 0.9573044180870056, 0.9585902690887451, 0.9606143236160278, 0.9600666165351868, 0.9606381058692932, 0.9616620540618896, 0.9614477753639221, 0.960185706615448, 0.9607809782028198, 0.9606381058692932, 0.9627336263656616, 0.9648290872573853], "val_loss": [5.806411266326904, 2.6938114166259766, 2.648923873901367, 2.6257336139678955, 2.4928395748138428, 2.174431085586548, 1.9249337911605835, 1.1697163581848145, 0.780046820640564, 0.5890339016914368, 0.5194368362426758, 0.4839044213294983, 0.4379861652851105, 0.42540764808654785, 0.3946700692176819, 0.4013645648956299, 0.3919312059879303, 0.38268476724624634, 0.36600568890571594, 0.3632766604423523, 0.37568825483322144, 0.3489511013031006, 0.3550183176994324, 0.35553300380706787, 0.3490625321865082, 0.3224687874317169, 0.3632912337779999, 0.33656585216522217, 0.3375263810157776, 0.3504143953323364, 0.33495375514030457, 0.344471275806427, 0.32846006751060486, 0.34210219979286194, 0.34555020928382874, 0.34885066747665405, 0.3466619849205017, 0.35542502999305725, 0.33958980441093445, 0.35412532091140747, 0.32980549335479736], "val_accuracy": [0.10509209334850311, 0.1043420284986496, 0.09850820899009705, 0.10225852578878403, 0.15842987596988678, 0.1932661086320877, 0.2545212209224701, 0.550212562084198, 0.7623968720436096, 0.8499875068664551, 0.8801566958427429, 0.8960747122764587, 0.9172431230545044, 0.9170764684677124, 0.9260771870613098, 0.923993706703186, 0.925743818283081, 0.9250771403312683, 0.9315776824951172, 0.9286607503890991, 0.9216601848602295, 0.9349112510681152, 0.9303275346755981, 0.9308276176452637, 0.9329110980033875, 0.9360780119895935, 0.9214101433753967, 0.933661162853241, 0.9325777292251587, 0.9262439012527466, 0.9284940958023071, 0.922410249710083, 0.9292441606521606, 0.9255771636962891, 0.9220768809318542, 0.9212434887886047, 0.9215767979621887, 0.9159930348396301, 0.9232436418533325, 0.9167430996894836, 0.9243270754814148]}