{
  "loss": [
    15.11770248413086,
    4.813027858734131
  ],
  "vec_len_loss": [
    0.48080748319625854,
    0.2140566110610962
  ],
  "vec_len_accuracy": [
    0.3946898281574249,
    0.797309160232544
  ],
  "digit_caps_accuracy": [
    0.8999687433242798,
    0.8999875783920288
  ],
  "val_loss": [
    8.606834411621094,
    2.249326467514038
  ],
  "val_vec_len_loss": [
    0.2679089605808258,
    0.17992769181728363
  ],
  "val_vec_len_accuracy": [
    0.7308109402656555,
    0.8260688781738281
  ],
  "val_digit_caps_accuracy": [
    0.8999836444854736,
    0.8999627232551575
  ],
  "lr": [
    0.0010000000474974513,
    0.0008999999845400453
  ]
}