{
  "loss": [
    0.09486281871795654
  ],
  "vec_len_loss": [
    0.07111559063196182
  ],
  "decoder_loss": [
    0.0605795793235302
  ],
  "vec_len_accuracy": [
    0.935611367225647
  ],
  "decoder_accuracy": [
    0.7944507598876953
  ],
  "val_loss": [
    0.03690779581665993
  ],
  "val_vec_len_loss": [
    0.019914504140615463
  ],
  "val_decoder_loss": [
    0.043350279331207275
  ],
  "val_vec_len_accuracy": [
    0.9835820198059082
  ],
  "val_decoder_accuracy": [
    0.7996194958686829
  ],
  "lr": [
    0.0010000000474974513
  ]
}